id,TARGET
test_0,"憲法第1條,憲法第2條"
test_1,"憲法第1條,憲法第2條"
test_2,"憲法第1條,憲法第2條"
test_3,"憲法第1條,憲法第2條"
test_4,"憲法第1條,憲法第2條"
test_5,"憲法第1條,憲法第2條"
test_6,"憲法第1條,憲法第2條"
test_7,"憲法第1條,憲法第2條"
test_8,"憲法第1條,憲法第2條"
test_9,"憲法第1條,憲法第2條"
test_10,"憲法第1條,憲法第2條"
test_11,"憲法第1條,憲法第2條"
test_12,"憲法第1條,憲法第2條"
test_13,"憲法第1條,憲法第2條"
test_14,"憲法第1條,憲法第2條"
test_15,"憲法第1條,憲法第2條"
test_16,"憲法第1條,憲法第2條"
test_17,"憲法第1條,憲法第2條"
test_18,"憲法第1條,憲法第2條"
test_19,"憲法第1條,憲法第2條"
test_20,"憲法第1條,憲法第2條"
test_21,"憲法第1條,憲法第2條"
test_22,"憲法第1條,憲法第2條"
test_23,"憲法第1條,憲法第2條"
test_24,"憲法第1條,憲法第2條"
test_25,"憲法第1條,憲法第2條"
test_26,"憲法第1條,憲法第2條"
test_27,"憲法第1條,憲法第2條"
test_28,"憲法第1條,憲法第2條"
test_29,"憲法第1條,憲法第2條"
test_30,"憲法第1條,憲法第2條"
test_31,"憲法第1條,憲法第2條"
test_32,"憲法第1條,憲法第2條"
test_33,"憲法第1條,憲法第2條"
test_34,"憲法第1條,憲法第2條"
test_35,"憲法第1條,憲法第2條"
test_36,"憲法第1條,憲法第2條"
test_37,"憲法第1條,憲法第2條"
test_38,"憲法第1條,憲法第2條"
test_39,"憲法第1條,憲法第2條"
test_40,"憲法第1條,憲法第2條"
test_41,"憲法第1條,憲法第2條"
test_42,"憲法第1條,憲法第2條"
test_43,"憲法第1條,憲法第2條"
test_44,"憲法第1條,憲法第2條"
test_45,"憲法第1條,憲法第2條"
test_46,"憲法第1條,憲法第2條"
test_47,"憲法第1條,憲法第2條"
test_48,"憲法第1條,憲法第2條"
test_49,"憲法第1條,憲法第2條"
test_50,"憲法第1條,憲法第2條"
test_51,"憲法第1條,憲法第2條"
test_52,"憲法第1條,憲法第2條"
test_53,"憲法第1條,憲法第2條"
test_54,"憲法第1條,憲法第2條"
test_55,"憲法第1條,憲法第2條"
test_56,"憲法第1條,憲法第2條"
test_57,"憲法第1條,憲法第2條"
test_58,"憲法第1條,憲法第2條"
test_59,"憲法第1條,憲法第2條"
test_60,"憲法第1條,憲法第2條"
test_61,"憲法第1條,憲法第2條"
test_62,"憲法第1條,憲法第2條"
test_63,"憲法第1條,憲法第2條"
test_64,"憲法第1條,憲法第2條"
test_65,"憲法第1條,憲法第2條"
test_66,"憲法第1條,憲法第2條"
test_67,"憲法第1條,憲法第2條"
test_68,"憲法第1條,憲法第2條"
test_69,"憲法第1條,憲法第2條"
test_70,"憲法第1條,憲法第2條"
test_71,"憲法第1條,憲法第2條"
test_72,"憲法第1條,憲法第2條"
test_73,"憲法第1條,憲法第2條"
test_74,"憲法第1條,憲法第2條"
test_75,"憲法第1條,憲法第2條"
test_76,"憲法第1條,憲法第2條"
test_77,"憲法第1條,憲法第2條"
test_78,"憲法第1條,憲法第2條"
test_79,"憲法第1條,憲法第2條"
test_80,"憲法第1條,憲法第2條"
test_81,"憲法第1條,憲法第2條"
test_82,"憲法第1條,憲法第2條"
test_83,"憲法第1條,憲法第2條"
test_84,"憲法第1條,憲法第2條"
test_85,"憲法第1條,憲法第2條"
test_86,"憲法第1條,憲法第2條"
test_87,"憲法第1條,憲法第2條"
test_88,"憲法第1條,憲法第2條"
test_89,"憲法第1條,憲法第2條"
test_90,"憲法第1條,憲法第2條"
test_91,"憲法第1條,憲法第2條"
test_92,"憲法第1條,憲法第2條"
test_93,"憲法第1條,憲法第2條"
test_94,"憲法第1條,憲法第2條"
test_95,"憲法第1條,憲法第2條"
test_96,"憲法第1條,憲法第2條"
test_97,"憲法第1條,憲法第2條"
test_98,"憲法第1條,憲法第2條"
test_99,"憲法第1條,憲法第2條"
test_100,"憲法第1條,憲法第2條"
test_101,"憲法第1條,憲法第2條"
test_102,"憲法第1條,憲法第2條"
test_103,"憲法第1條,憲法第2條"
test_104,"憲法第1條,憲法第2條"
test_105,"憲法第1條,憲法第2條"
test_106,"憲法第1條,憲法第2條"
test_107,"憲法第1條,憲法第2條"
test_108,"憲法第1條,憲法第2條"
test_109,"憲法第1條,憲法第2條"
test_110,"憲法第1條,憲法第2條"
test_111,"憲法第1條,憲法第2條"
test_112,"憲法第1條,憲法第2條"
test_113,"憲法第1條,憲法第2條"
test_114,"憲法第1條,憲法第2條"
test_115,"憲法第1條,憲法第2條"
test_116,"憲法第1條,憲法第2條"
test_117,"憲法第1條,憲法第2條"
test_118,"憲法第1條,憲法第2條"
test_119,"憲法第1條,憲法第2條"
test_120,"憲法第1條,憲法第2條"
test_121,"憲法第1條,憲法第2條"
test_122,"憲法第1條,憲法第2條"
test_123,"憲法第1條,憲法第2條"
test_124,"憲法第1條,憲法第2條"
test_125,"憲法第1條,憲法第2條"
test_126,"憲法第1條,憲法第2條"
test_127,"憲法第1條,憲法第2條"
test_128,"憲法第1條,憲法第2條"
test_129,"憲法第1條,憲法第2條"
test_130,"憲法第1條,憲法第2條"
test_131,"憲法第1條,憲法第2條"
test_132,"憲法第1條,憲法第2條"
test_133,"憲法第1條,憲法第2條"
test_134,"憲法第1條,憲法第2條"
test_135,"憲法第1條,憲法第2條"
test_136,"憲法第1條,憲法第2條"
test_137,"憲法第1條,憲法第2條"
test_138,"憲法第1條,憲法第2條"
test_139,"憲法第1條,憲法第2條"
test_140,"憲法第1條,憲法第2條"
test_141,"憲法第1條,憲法第2條"
test_142,"憲法第1條,憲法第2條"
test_143,"憲法第1條,憲法第2條"
test_144,"憲法第1條,憲法第2條"
test_145,"憲法第1條,憲法第2條"
test_146,"憲法第1條,憲法第2條"
test_147,"憲法第1條,憲法第2條"
test_148,"憲法第1條,憲法第2條"
test_149,"憲法第1條,憲法第2條"
test_150,"憲法第1條,憲法第2條"
test_151,"憲法第1條,憲法第2條"
test_152,"憲法第1條,憲法第2條"
test_153,"憲法第1條,憲法第2條"
test_154,"憲法第1條,憲法第2條"
test_155,"憲法第1條,憲法第2條"
test_156,"憲法第1條,憲法第2條"
test_157,"憲法第1條,憲法第2條"
test_158,"憲法第1條,憲法第2條"
test_159,"憲法第1條,憲法第2條"
test_160,"憲法第1條,憲法第2條"
test_161,"憲法第1條,憲法第2條"
test_162,"憲法第1條,憲法第2條"
test_163,"憲法第1條,憲法第2條"
test_164,"憲法第1條,憲法第2條"
test_165,"憲法第1條,憲法第2條"
test_166,"憲法第1條,憲法第2條"
test_167,"憲法第1條,憲法第2條"
test_168,"憲法第1條,憲法第2條"
test_169,"憲法第1條,憲法第2條"
test_170,"憲法第1條,憲法第2條"
test_171,"憲法第1條,憲法第2條"
test_172,"憲法第1條,憲法第2條"
test_173,"憲法第1條,憲法第2條"
test_174,"憲法第1條,憲法第2條"
test_175,"憲法第1條,憲法第2條"
test_176,"憲法第1條,憲法第2條"
test_177,"憲法第1條,憲法第2條"
test_178,"憲法第1條,憲法第2條"
test_179,"憲法第1條,憲法第2條"
test_180,"憲法第1條,憲法第2條"
test_181,"憲法第1條,憲法第2條"
test_182,"憲法第1條,憲法第2條"
test_183,"憲法第1條,憲法第2條"
test_184,"憲法第1條,憲法第2條"
test_185,"憲法第1條,憲法第2條"
test_186,"憲法第1條,憲法第2條"
test_187,"憲法第1條,憲法第2條"
test_188,"憲法第1條,憲法第2條"
test_189,"憲法第1條,憲法第2條"
test_190,"憲法第1條,憲法第2條"
test_191,"憲法第1條,憲法第2條"
test_192,"憲法第1條,憲法第2條"
test_193,"憲法第1條,憲法第2條"
test_194,"憲法第1條,憲法第2條"
test_195,"憲法第1條,憲法第2條"
test_196,"憲法第1條,憲法第2條"
test_197,"憲法第1條,憲法第2條"
test_198,"憲法第1條,憲法第2條"
test_199,"憲法第1條,憲法第2條"
